-- MySQL dump 10.13  Distrib 5.7.32, for Win64 (x86_64)
--
-- Host: localhost    Database: basketball
-- ------------------------------------------------------
-- Server version	5.7.32-log

/*!40101 SET @OLD_CHARACTER_SET_CLIENT=@@CHARACTER_SET_CLIENT */;
/*!40101 SET @OLD_CHARACTER_SET_RESULTS=@@CHARACTER_SET_RESULTS */;
/*!40101 SET @OLD_COLLATION_CONNECTION=@@COLLATION_CONNECTION */;
/*!40101 SET NAMES utf8 */;
/*!40103 SET @OLD_TIME_ZONE=@@TIME_ZONE */;
/*!40103 SET TIME_ZONE='+00:00' */;
/*!40014 SET @OLD_UNIQUE_CHECKS=@@UNIQUE_CHECKS, UNIQUE_CHECKS=0 */;
/*!40014 SET @OLD_FOREIGN_KEY_CHECKS=@@FOREIGN_KEY_CHECKS, FOREIGN_KEY_CHECKS=0 */;
/*!40101 SET @OLD_SQL_MODE=@@SQL_MODE, SQL_MODE='NO_AUTO_VALUE_ON_ZERO' */;
/*!40111 SET @OLD_SQL_NOTES=@@SQL_NOTES, SQL_NOTES=0 */;

--
-- Table structure for table `area`
--

DROP TABLE IF EXISTS `area`;
/*!40101 SET @saved_cs_client     = @@character_set_client */;
/*!40101 SET character_set_client = utf8 */;
CREATE TABLE `area` (
  `area_id` bigint(20) NOT NULL AUTO_INCREMENT,
  `number` varchar(255) CHARACTER SET gbk DEFAULT NULL,
  `rental_price` double DEFAULT NULL,
  `status` varchar(255) CHARACTER SET latin1 DEFAULT NULL,
  `employee_id` bigint(20) DEFAULT NULL,
  `type` varchar(255) CHARACTER SET gbk DEFAULT NULL,
  `beiyong2` varchar(255) CHARACTER SET latin1 DEFAULT NULL,
  PRIMARY KEY (`area_id`) USING BTREE,
  KEY `area_employee_id` (`employee_id`),
  CONSTRAINT `area_employee_id` FOREIGN KEY (`employee_id`) REFERENCES `employee` (`id`) ON DELETE CASCADE ON UPDATE CASCADE
) ENGINE=InnoDB AUTO_INCREMENT=7 DEFAULT CHARSET=utf8;
/*!40101 SET character_set_client = @saved_cs_client */;

--
-- Dumping data for table `area`
--

LOCK TABLES `area` WRITE;
/*!40000 ALTER TABLE `area` DISABLE KEYS */;
INSERT INTO `area` VALUES (1,'1号场',100,'1',1,'standard',NULL),(3,'2号场',80,'1',1,'small',NULL),(4,'3号场',100,'1',1,'standard',NULL),(5,'4号场',100,'1',1,'standard',NULL),(6,'5号场',80,'1',1,'small',NULL);
/*!40000 ALTER TABLE `area` ENABLE KEYS */;
UNLOCK TABLES;

--
-- Table structure for table `attachment`
--

DROP TABLE IF EXISTS `attachment`;
/*!40101 SET @saved_cs_client     = @@character_set_client */;
/*!40101 SET character_set_client = utf8 */;
CREATE TABLE `attachment` (
  `id` bigint(20) NOT NULL,
  `path` longtext,
  `content_type` longtext,
  `create_at` datetime DEFAULT NULL,
  PRIMARY KEY (`id`)
) ENGINE=InnoDB DEFAULT CHARSET=utf8;
/*!40101 SET character_set_client = @saved_cs_client */;

--
-- Dumping data for table `attachment`
--

LOCK TABLES `attachment` WRITE;
/*!40000 ALTER TABLE `attachment` DISABLE KEYS */;
INSERT INTO `attachment` VALUES (1,'png/1415/1_11993.png','image/png','2020-10-20 11:47:12'),(2,'jpg/1992/2_31518.jpg','image/jpeg','2020-10-20 11:48:35'),(3,'jpg/1520/3_8780.jpg','image/jpeg','2020-10-20 11:49:49'),(4,'jpg/2736/4_28428.jpg','image/jpeg','2020-10-20 11:50:08'),(5,'jpg/6078/5_8988.jpg','image/jpeg','2020-10-20 11:50:21'),(6,'png/2457/6_25377.png','image/png','2020-10-20 19:59:39'),(7,'png/672/7_25872.png','image/png','2020-10-21 10:40:41'),(8,'png/5639/8_6065.png','image/png','2020-10-21 10:55:49'),(9,'png/1170/9_21870.png','image/png','2020-10-21 11:09:24'),(10,'jpg/3024/10_4182.jpg','image/jpeg','2020-10-21 11:54:27'),(11,'jpg/5099/11_6245.jpg','image/jpg','2020-10-21 14:07:48'),(12,'mp4/3787/12_25723.mp4','video/mp4','2020-10-21 14:22:32'),(13,'mp4/1486/13_15016.mp4','video/mp4','2020-10-21 14:33:33'),(14,'png/7382/14_19142.png','image/png','2020-10-21 14:39:29'),(15,'png/1740/15_966.png','image/png','2020-10-21 14:41:51'),(16,'png/5055/16_9147.png','image/png','2020-10-21 14:42:31'),(17,'png/5294/17_9386.png','image/png','2020-10-21 14:42:31'),(18,'png/5470/18_9562.png','image/png','2020-10-21 14:42:31'),(19,'png/4283/19_21125.png','image/png','2020-10-21 15:37:39'),(20,'png/4546/20_21388.png','image/png','2020-10-21 15:37:39'),(21,'png/352/21_30022.png','image/png','2020-10-21 15:45:16'),(22,'png/1636/22_9040.png','image/png','2020-10-21 15:46:31'),(23,'png/7715/23_28979.png','image/png','2020-10-21 15:56:27'),(24,'png/163/24_27325.png','image/png','2020-10-21 15:59:05'),(25,'png/2302/25_7714.png','image/png','2020-10-21 16:01:25'),(26,'png/2527/26_27403.png','image/png','2020-10-21 16:03:53'),(27,'png/3974/27_24500.png','image/png','2020-10-21 16:04:22'),(28,'png/640/28_3250.png','image/png','2020-10-21 16:05:05'),(29,'png/1213/29_22255.png','image/png','2020-10-21 16:05:24'),(30,'png/7519/30_19861.png','image/png','2020-10-21 16:06:25'),(31,'png/1364/31_9356.png','image/png','2020-10-21 16:06:47'),(32,'png/7783/32_7075.png','image/png','2020-10-21 16:07:49'),(33,'png/628/33_952.png','image/png','2020-10-21 16:09:50'),(34,'png/8369/34_17909.png','image/png','2020-10-21 16:10:07'),(35,'png/7872/35_3846.png','image/png','2020-10-21 16:10:25'),(36,'png/8310/36_4284.png','image/png','2020-10-21 16:10:26'),(37,'png/8572/37_4546.png','image/png','2020-10-21 16:10:26'),(38,'png/8883/38_4857.png','image/png','2020-10-21 16:10:26'),(39,'png/3276/39_22548.png','image/png','2020-10-21 16:11:16'),(40,'png/8510/40_27782.png','image/png','2020-10-21 16:11:21'),(41,'png/207/41_15201.png','image/png','2020-10-21 16:30:53'),(42,'png/8896/42_8986.png','image/png','2020-10-21 18:32:22'),(43,'png/6516/43_15822.png','image/png','2020-10-21 18:32:29'),(44,'png/2044/44_20566.png','image/png','2020-10-21 18:32:34'),(45,'png/2302/45_20824.png','image/png','2020-10-21 18:32:34'),(46,'png/1886/46_13256.png','image/png','2020-10-21 18:36:42'),(47,'png/7782/47_24606.png','image/png','2020-10-21 18:57:41'),(48,'png/7250/48_24590.png','image/png','2020-10-21 18:58:45'),(49,'png/7617/49_24957.png','image/png','2020-10-21 18:58:46'),(50,'png/2261/50_1973.png','image/png','2020-10-21 20:16:15'),(51,'png/9211/51_8923.png','image/png','2020-10-21 20:16:21'),(52,'png/4649/52_13577.png','image/png','2020-10-21 20:16:26'),(53,'png/4987/53_13915.png','image/png','2020-10-21 20:16:26'),(54,'png/486/54_14280.png','image/png','2020-10-21 20:16:59'),(55,'png/2199/55_17097.png','image/png','2020-10-21 20:38:22'),(56,'png/390/56_24504.png','image/png','2020-10-21 20:38:29'),(57,'png/7127/57_31241.png','image/png','2020-10-21 20:38:36'),(58,'png/7397/58_31511.png','image/png','2020-10-21 20:38:36'),(59,'png/2883/59_31863.png','image/png','2020-10-21 20:39:08'),(60,'png/204/60_6768.png','image/png','2020-10-21 21:08:35'),(61,'png/6271/61_12835.png','image/png','2020-10-21 21:08:41'),(62,'png/1818/62_17598.png','image/png','2020-10-21 21:08:46'),(63,'png/2080/63_17860.png','image/png','2020-10-21 21:08:46'),(64,'png/8041/64_28687.png','image/png','2020-10-21 21:09:29'),(65,'png/549/65_30411.png','image/png','2020-10-21 21:09:31'),(66,'png/949/66_12445.png','image/png','2020-10-21 22:35:04'),(67,'png/8611/67_20107.png','image/png','2020-10-21 22:35:12'),(68,'png/5758/68_25228.png','image/png','2020-10-22 10:08:03'),(69,'png/2612/69_31298.png','image/png','2020-10-22 10:08:09'),(70,'png/3267/70_31953.png','image/png','2020-10-22 10:08:09'),(71,'png/770/71_2324.png','image/png','2020-10-22 10:08:44'),(72,'png/1057/72_17503.png','image/png','2020-10-22 10:20:43'),(73,'png/6031/73_30217.png','image/png','2020-10-22 10:36:56'),(74,'png/5530/74_6934.png','image/png','2020-10-22 10:37:04'),(75,'png/8613/75_20265.png','image/png','2020-10-22 10:39:26'),(76,'png/2044/76_9862.png','image/png','2020-10-22 10:40:51'),(77,'png/4169/77_31145.png','image/png','2020-10-22 12:46:32'),(78,'png/3482/78_16892.png','image/png','2020-10-22 12:46:50'),(79,'png/3604/79_17014.png','image/png','2020-10-22 12:46:50'),(80,'png/3795/80_17205.png','image/png','2020-10-22 12:46:50'),(81,'png/3414/81_3258.png','image/png','2020-10-22 12:47:08'),(82,'png/7757/82_8633.png','image/png','2020-10-22 12:49:21'),(83,'png/8094/83_9486.png','image/png','2020-10-22 12:50:26'),(84,'png/2292/84_23562.png','image/png','2020-10-22 18:07:59'),(85,'png/1334/85_338.png','image/png','2020-10-22 18:09:12'),(86,'png/5841/86_5133.png','image/png','2020-10-22 19:26:04'),(87,'png/8388/87_15126.png','image/png','2020-10-22 19:32:06'),(88,'png/2225/88_30191.png','image/png','2020-10-22 20:35:17'),(89,'png/6814/89_11998.png','image/png','2020-10-22 20:35:31'),(90,'png/1864/90_3214.png','image/png','2020-10-22 20:36:58'),(91,'png/2617/91_24463.png','image/png','2020-10-22 20:41:36'),(92,'png/532/92_10876.png','image/png','2020-10-22 20:46:10'),(93,'png/8563/93_18907.png','image/png','2020-10-22 20:46:18'),(94,'png/8980/94_5758.png','image/png','2020-10-22 20:46:37'),(95,'png/5724/95_21966.png','image/png','2020-10-22 20:49:01'),(96,'png/6583/96_43.png','image/png','2020-10-22 20:49:11'),(97,'png/382/97_7924.png','image/png','2020-10-22 20:49:51'),(98,'png/1114/98_17872.png','image/png','2020-10-22 20:50:01'),(99,'png/6165/99_657.png','image/png','2020-10-22 20:51:20'),(100,'png/7400/100_932.png','image/png','2020-10-22 21:08:24'),(101,'png/373/101_12337.png','image/png','2020-10-22 21:08:35'),(102,'png/550/102_12514.png','image/png','2020-10-22 21:08:35'),(103,'png/8706/103_29886.png','image/png','2020-10-22 21:08:53'),(104,'png/7889/104_1937.png','image/png','2020-10-22 21:09:29'),(105,'png/6018/105_23364.png','image/png','2020-10-22 21:10:22'),(106,'png/7831/106_22375.png','image/png','2020-10-22 21:14:05'),(107,'png/8900/107_19094.png','image/png','2020-10-22 21:14:34'),(108,'png/9056/108_28466.png','image/png','2020-10-22 21:14:43'),(109,'png/8857/109_23917.png','image/png','2020-10-22 21:15:11'),(110,'png/1429/110_12655.png','image/png','2020-10-22 21:16:36'),(111,'png/526/111_20968.png','image/png','2020-10-22 21:16:44'),(112,'png/6267/112_23391.png','image/png','2020-10-22 21:19:26'),(113,'png/5851/113_193.png','image/png','2020-10-22 21:19:35'),(114,'png/7775/114_29765.png','image/png','2020-10-22 21:20:05'),(115,'png/3091/115_26629.png','image/png','2020-10-22 21:23:14'),(116,'png/3520/116_1990.png','image/png','2020-10-22 21:28:09'),(117,'png/5365/117_13051.png','image/png','2020-10-22 21:28:20'),(118,'png/5554/118_13240.png','image/png','2020-10-22 21:28:20'),(119,'png/5709/119_13395.png','image/png','2020-10-22 21:28:20'),(120,'png/2663/120_15215.png','image/png','2020-10-22 21:28:54'),(121,'png/3108/121_15660.png','image/png','2020-10-22 21:28:55'),(122,'png/2588/122_20006.png','image/png','2020-10-22 21:29:31'),(123,'png/3311/123_31493.png','image/png','2020-10-22 21:32:54'),(124,'png/365/124_14981.png','image/png','2020-10-22 21:33:10'),(125,'png/8224/125_17236.png','image/png','2020-10-22 21:40:40'),(126,'mp4/1039/126_24133.mp4','video/mp4','2020-10-22 21:41:19'),(127,'png/241/127_10285.png','image/png','2020-10-22 21:42:41'),(128,'png/1159/128_25291.png','image/png','2020-10-23 10:15:57'),(129,'png/7232/129_31364.png','image/png','2020-10-23 10:16:03'),(130,'png/2276/130_25226.png','image/png','2020-10-23 10:42:05'),(131,'png/6930/131_17124.png','image/png','2020-10-23 10:53:41'),(132,'png/2468/132_21878.png','image/png','2020-10-23 10:53:46'),(133,'png/8393/133_28319.png','image/png','2020-10-23 10:54:56'),(134,'png/8263/134_27229.png','image/png','2020-10-23 11:11:59'),(135,'png/8535/135_4719.png','image/png','2020-10-23 11:12:09'),(136,'png/7848/136_18114.png','image/png','2020-10-23 11:12:54'),(137,'png/3733/137_23215.png','image/png','2020-10-23 11:12:59'),(138,'png/6408/138_28746.png','image/png','2020-10-23 14:48:32'),(139,'png/8406/139_3612.png','image/png','2020-10-23 14:49:11'),(140,'png/7105/140_6955.png','image/png','2020-10-23 14:58:50'),(141,'png/1178/141_28676.png','image/png','2020-10-23 14:59:12'),(142,'png/1343/142_28841.png','image/png','2020-10-23 14:59:12'),(143,'png/1469/143_28967.png','image/png','2020-10-23 14:59:12'),(144,'png/1681/144_29179.png','image/png','2020-10-23 14:59:12'),(145,'png/6462/145_20394.png','image/png','2020-10-23 14:59:35'),(146,'png/3758/146_17468.png','image/png','2020-10-23 15:08:36'),(147,'png/9092/147_20.png','image/png','2020-10-23 15:08:51'),(148,'png/6122/148_15482.png','image/png','2020-10-23 15:09:06'),(149,'png/6297/149_15657.png','image/png','2020-10-23 15:09:07'),(150,'png/6438/150_15798.png','image/png','2020-10-23 15:09:07'),(151,'png/1139/151_22295.png','image/png','2020-10-23 15:14:33'),(152,'png/7476/152_24798.png','image/png','2020-10-23 15:16:12'),(153,'png/5953/153_9709.png','image/png','2020-10-23 15:16:29'),(154,'png/4532/154_25982.png','image/png','2020-10-23 15:24:45'),(155,'png/1289/155_989.png','image/png','2020-10-23 15:27:00'),(156,'png/7962/156_16878.png','image/png','2020-10-23 15:27:16'),(157,'png/8733/157_28929.png','image/png','2020-10-23 15:31:44'),(158,'png/3347/158_19193.png','image/png','2020-10-23 15:32:06'),(159,'png/6169/159_31231.png','image/png','2020-10-23 15:32:18'),(160,'png/3022/160_23734.png','image/png','2020-10-23 15:32:43'),(161,'png/1811/161_30485.png','image/png','2020-10-23 15:39:45'),(162,'png/7864/162_4540.png','image/png','2020-10-23 15:39:51'),(163,'png/7897/163_13789.png','image/png','2020-10-23 15:40:01'),(164,'png/8117/164_14009.png','image/png','2020-10-23 15:40:01'),(165,'png/8587/165_14479.png','image/png','2020-10-23 15:40:01'),(166,'png/8911/166_14803.png','image/png','2020-10-23 15:40:02'),(167,'png/9159/167_15051.png','image/png','2020-10-23 15:40:02'),(168,'png/4280/168_5822.png','image/png','2020-10-23 15:40:25'),(169,'png/4488/169_6030.png','image/png','2020-10-23 15:40:25'),(170,'png/4809/170_6351.png','image/png','2020-10-23 15:40:25'),(171,'png/4947/171_6489.png','image/png','2020-10-23 15:40:25'),(172,'png/4873/172_6487.png','image/png','2020-10-23 15:59:37'),(173,'png/7034/173_17864.png','image/png','2020-10-23 15:59:49'),(174,'png/6228/174_5850.png','image/png','2020-10-23 16:14:33'),(175,'png/4663/175_13501.png','image/png','2020-10-23 16:14:40'),(176,'png/4824/176_13662.png','image/png','2020-10-23 16:14:40'),(177,'png/4759/177_1063.png','image/png','2020-10-23 16:17:08'),(178,'png/2187/178_24369.png','image/png','2020-10-23 16:23:23'),(179,'png/346/179_3652.png','image/png','2020-10-23 16:41:10'),(180,'png/7725/180_11031.png','image/png','2020-10-23 16:41:18'),(181,'png/4190/181_17228.png','image/png','2020-10-23 16:42:28'),(182,'png/520/182_5374.png','image/png','2020-10-23 16:44:24'),(183,'png/6059/183_5825.png','image/png','2020-10-23 16:52:56'),(184,'png/4113/184_19065.png','image/png','2020-10-23 17:15:02'),(185,'png/4512/185_10764.png','image/png','2020-10-23 17:15:57'),(186,'png/8351/186_23819.png','image/png','2020-10-23 17:16:10'),(187,'png/8489/187_23957.png','image/png','2020-10-23 17:16:10'),(188,'png/3204/188_1638.png','image/png','2020-10-23 17:47:16'),(189,'png/6777/189_9705.png','image/png','2020-10-23 18:25:16'),(190,'png/6127/190_355.png','image/png','2020-10-23 18:26:11'),(191,'png/7250/191_6344.png','image/png','2020-10-23 18:26:49'),(192,'png/6393/192_12195.png','image/png','2020-10-23 18:40:46'),(193,'png/4137/193_19299.png','image/png','2020-10-23 19:19:17'),(194,'png/7161/194_8757.png','image/png','2020-10-23 19:19:39'),(195,'png/7669/195_7411.png','image/png','2020-10-24 10:58:46'),(196,'png/4440/196_27480.png','image/png','2020-10-24 10:59:38'),(197,'png/4888/197_27928.png','image/png','2020-10-24 10:59:38'),(198,'png/5770/198_28810.png','image/png','2020-10-24 10:59:39'),(199,'png/5153/199_31865.png','image/png','2020-10-24 13:39:42'),(200,'png/6014/200_19160.png','image/png','2020-10-24 13:40:01'),(201,'png/6638/201_19784.png','image/png','2020-10-24 13:40:02'),(202,'png/9214/202_22360.png','image/png','2020-10-24 13:40:04'),(203,'png/2379/203_24741.png','image/png','2020-10-24 13:40:07'),(204,'png/3795/204_10305.png','image/png','2020-10-24 13:45:12'),(205,'png/4537/205_11563.png','image/png','2020-10-24 13:46:17'),(206,'png/2260/206_23368.png','image/png','2020-10-24 13:47:01'),(207,'png/7855/207_28963.png','image/png','2020-10-24 13:47:07'),(208,'png/1073/208_31397.png','image/png','2020-10-24 13:47:09'),(209,'png/3406/209_1732.png','image/png','2020-10-24 13:47:12'),(210,'png/6525/210_4851.png','image/png','2020-10-24 13:47:15'),(211,'png/2752/211_20026.png','image/png','2020-10-24 13:48:34'),(212,'png/3676/212_20950.png','image/png','2020-10-24 13:48:35'),(213,'png/5209/213_22483.png','image/png','2020-10-24 13:48:36'),(214,'png/6334/214_23608.png','image/png','2020-10-24 13:48:37'),(215,'png/7503/215_24777.png','image/png','2020-10-24 13:48:39'),(216,'png/348/216_25050.png','image/png','2020-10-26 10:11:57'),(217,'png/8520/217_8670.png','image/png','2020-10-26 10:18:04'),(218,'png/4362/218_27810.png','image/png','2020-10-26 10:18:56'),(219,'png/4703/219_28151.png','image/png','2020-10-26 10:18:56'),(220,'png/2573/220_21671.png','image/png','2020-10-26 10:19:21'),(221,'png/6075/221_27015.png','image/png','2020-10-26 10:32:47'),(222,'png/6188/222_4346.png','image/png','2020-10-26 10:32:56'),(223,'png/428/223_26234.png','image/png','2020-10-26 10:33:18'),(224,'png/5096/224_29648.png','image/png','2020-10-26 10:40:17'),(225,'png/7037/225_8807.png','image/png','2020-10-26 10:40:29'),(226,'png/8734/226_28936.png','image/png','2020-10-26 10:40:49'),(227,'png/3327/227_26625.png','image/png','2020-10-26 10:47:10'),(228,'png/1663/228_2179.png','image/png','2020-10-26 10:47:18'),(229,'png/8521/229_4687.png','image/png','2020-10-26 10:47:52'),(230,'png/251/230_545.png','image/png','2020-10-26 10:56:20'),(231,'png/7281/231_8211.png','image/png','2020-10-26 16:02:35'),(232,'png/7293/232_26655.png','image/png','2020-10-26 16:02:53'),(233,'mp4/1010/233_16022.mp4','video/mp4','2020-10-26 16:03:15'),(234,'png/5004/234_24882.png','image/png','2020-10-26 16:03:55'),(235,'png/1105/235_7933.png','image/png','2020-10-26 16:05:14'),(236,'png/4461/236_16155.png','image/png','2020-10-26 16:05:55'),(237,'png/8403/237_2181.png','image/png','2020-10-26 16:06:45'),(238,'png/8383/238_11377.png','image/png','2020-10-26 16:06:54'),(239,'png/8847/239_21057.png','image/png','2020-10-26 16:07:04'),(240,'mp4/8271/240_6915.mp4','video/mp4','2020-10-26 16:07:21'),(241,'png/8818/241_3112.png','image/png','2020-10-26 16:07:50'),(242,'png/4798/242_1744.png','image/png','2020-10-26 16:32:20'),(243,'png/3066/243_9228.png','image/png','2020-10-26 16:32:28'),(244,'mp4/4244/244_19622.mp4','video/mp4','2020-10-26 16:32:38'),(245,'png/4098/245_15126.png','image/png','2020-10-26 16:33:06'),(246,'png/3699/246_19593.png','image/png','2020-10-26 16:33:42'),(247,'png/5204/247_16832.png','image/png','2020-10-30 14:14:06'),(248,'png/6034/248_4096.png','image/png','2020-10-30 14:14:25'),(249,'png/7793/249_5855.png','image/png','2020-10-30 14:14:27'),(250,'png/8197/250_6259.png','image/png','2020-10-30 14:14:28'),(251,'png/550/251_7828.png','image/png','2020-10-30 14:14:29'),(252,'png/8475/252_26001.png','image/png','2020-10-30 14:16:55'),(253,'png/4765/253_8725.png','image/png','2020-10-30 14:17:10'),(254,'png/6267/254_10227.png','image/png','2020-10-30 14:17:12'),(255,'png/3038/255_28502.png','image/png','2020-11-03 18:24:35'),(256,'png/1164/256_31494.png','image/png','2020-11-03 18:25:10'),(257,'png/3227/257_14297.png','image/png','2020-11-06 17:49:25'),(258,'png/3426/258_14496.png','image/png','2020-11-06 17:49:25'),(259,'jpg/1636/259_31054.jpg','image/jpg','2020-11-06 19:43:49'),(260,'jpg/30/260_26130.jpg','image/jpg','2020-11-06 19:46:24'),(261,'jpg/694/261_13744.jpg','image/jpg','2020-11-06 19:47:48'),(262,'jpg/6753/262_15969.jpg','image/jpg','2020-11-06 19:49:26'),(263,'jpg/8897/263_9413.jpg','image/jpg','2020-11-06 19:50:24'),(264,'jpg/8133/264_5847.jpg','image/jpg','2020-11-06 19:54:04'),(265,'png/2986/265_21766.png','image/png','2020-11-17 19:02:41'),(266,'png/8207/266_31409.png','image/png','2020-11-17 19:21:30'),(267,'png/7412/267_22946.png','image/png','2020-11-17 19:24:34'),(268,'mp4/6413/268_1499.mp4','video/mp4','2020-11-18 13:44:56'),(269,'mp4/6254/269_26702.mp4','video/mp4','2020-11-18 13:50:10'),(270,'mp4/5369/270_3845.mp4','video/mp4','2020-11-18 14:01:31'),(271,'mp4/3160/271_6502.mp4','video/mp4','2020-11-18 14:02:05'),(272,'mp4/2100/272_29772.mp4','video/mp4','2020-11-18 14:05:08'),(273,'mp4/8851/273_9907.mp4','video/mp4','2020-11-18 14:06:57'),(274,'mp4/8865/274_19137.mp4','video/mp4','2020-11-18 14:07:06'),(275,'mp4/2563/275_8263.mp4','video/mp4','2020-11-18 14:16:31'),(276,'mp4/8576/276_19142.mp4','video/mp4','2020-11-18 14:17:14'),(277,'mp4/3224/277_296.mp4','video/mp4','2020-11-18 14:36:39'),(278,'mp4/3615/278_15285.mp4','video/mp4','2020-11-18 14:38:30'),(279,'mp4/4431/279_12267.mp4','video/mp4','2020-11-18 14:40:03'),(280,'mp4/8142/280_3810.mp4','video/mp4','2020-11-18 15:11:54'),(281,'png/9044/281_6260.png','image/png','2020-11-18 15:15:09'),(282,'png/1929/282_13743.png','image/png','2020-11-18 15:16:52'),(283,'png/3238/283_15052.png','image/png','2020-11-18 15:16:54'),(284,'png/4707/284_16521.png','image/png','2020-11-18 15:16:55'),(285,'mp4/2177/285_9641.mp4','video/mp4','2020-11-18 15:17:20'),(286,'png/3294/286_6186.png','image/png','2020-11-18 15:26:53'),(287,'png/6150/287_18258.png','image/png','2020-11-18 15:27:05'),(288,'png/2193/288_23517.png','image/png','2020-11-18 15:27:10'),(289,'png/7402/289_28726.png','image/png','2020-11-18 15:27:15'),(290,'png/5138/290_3680.png','image/png','2020-11-18 15:27:22'),(291,'png/1317/291_9075.png','image/png','2020-11-18 15:27:28'),(292,'mp4/2113/292_28303.mp4','video/mp4','2020-11-18 15:27:47'),(293,'png/7812/293_2520.png','image/png','2020-11-18 15:28:57'),(294,'png/1985/294_8489.png','image/png','2020-11-18 15:34:23'),(295,'mp4/7426/295_364.mp4','video/mp4','2020-11-18 15:34:47'),(296,'png/2631/296_4785.png','image/png','2020-11-18 15:34:51'),(297,'png/532/297_30334.png','image/png','2020-11-18 15:35:17'),(298,'png/5141/298_5009.png','image/png','2020-11-18 15:39:39'),(299,'png/6902/299_6770.png','image/png','2020-11-18 15:39:41'),(300,'png/2804/300_18818.png','image/png','2020-11-18 15:44:41'),(301,'png/3480/301_28710.png','image/png','2020-11-18 15:44:51'),(302,'png/7900/302_11896.png','image/png','2020-11-18 15:48:18'),(303,'png/7862/303_8024.png','image/png','2020-11-18 15:49:50'),(304,'png/3036/304_26496.png','image/png','2020-11-18 15:50:41'),(305,'png/2287/305_13729.png','image/png','2020-11-18 15:54:12'),(306,'mp4/415/306_25939.mp4','video/mp4','2020-11-18 15:54:56'),(307,'png/6277/307_22879.png','image/png','2020-11-18 16:05:01'),(308,'png/8720/308_25322.png','image/png','2020-11-18 16:05:04'),(309,'png/1565/309_27383.png','image/png','2020-11-18 16:05:06'),(310,'mp4/9107/310_2627.mp4','video/mp4','2020-11-18 17:01:45'),(311,'mp4/9117/311_12369.mp4','video/mp4','2020-11-18 17:02:58'),(312,'mp4/4310/312_14492.mp4','video/mp4','2020-11-18 17:07:49'),(313,'mp4/4974/313_12354.mp4','video/mp4','2020-11-18 17:11:30'),(314,'mp4/3310/314_23002.mp4','video/mp4','2020-11-18 17:18:05'),(315,'mp4/1133/315_12125.mp4','video/mp4','2020-11-18 17:18:58'),(316,'png/3644/316_20534.png','image/png','2020-11-18 17:21:47'),(317,'png/4259/317_16799.png','image/png','2020-11-18 17:22:15'),(318,'mp4/3589/318_30211.mp4','video/mp4','2020-11-18 17:23:00'),(319,'png/5714/319_26732.png','image/png','2020-11-18 17:30:25'),(320,'mp4/1849/320_18517.mp4','video/mp4','2020-11-18 17:30:49'),(321,'png/246/321_12564.png','image/png','2020-11-18 17:31:15'),(322,'png/4421/322_16739.png','image/png','2020-11-18 17:31:19'),(323,'png/6432/323_14400.png','image/png','2020-11-18 17:31:48'),(324,'png/1316/324_18500.png','image/png','2020-11-18 17:31:52'),(325,'png/8268/325_7536.png','image/png','2020-11-18 17:32:46'),(326,'mp4/4836/326_19734.mp4','video/mp4','2020-11-18 17:36:42'),(327,'mp4/4250/327_13322.mp4','video/mp4','2020-11-18 17:53:07'),(328,'mp4/3211/328_3649.mp4','video/mp4','2020-11-18 19:19:53'),(329,'mp4/7684/329_10186.mp4','video/mp4','2020-11-18 19:24:16'),(330,'png/2066/330_21596.png','image/png','2020-11-18 19:59:39'),(331,'png/7223/331_19085.png','image/png','2020-11-18 20:02:49'),(332,'png/6939/332_5235.png','image/png','2020-11-18 20:03:07'),(333,'png/7159/333_5455.png','image/png','2020-11-18 20:03:07'),(334,'png/334/334_31144.png','image/png','2020-11-18 20:04:05'),(335,'png/3008/335_15902.png','image/png','2020-11-18 20:04:53'),(336,'png/8456/336_17000.png','image/png','2020-11-18 20:05:26'),(337,'mp4/5489/337_7397.mp4','video/mp4','2020-11-18 20:10:37'),(338,'mp4/1493/338_4505.mp4','video/mp4','2020-11-18 20:31:54'),(339,'mp4/10/339_8404.mp4','video/mp4','2020-11-18 20:33:34'),(340,'mp4/4919/340_407.mp4','video/mp4','2020-11-18 21:13:26'),(341,'mp4/2868/341_15534.mp4','video/mp4','2020-11-18 21:20:37'),(342,'png/4446/342_30972.png','image/png','2020-11-18 21:30:28'),(343,'png/4891/343_8635.png','image/png','2020-11-18 21:30:38'),(344,'png/5561/344_27737.png','image/png','2020-11-18 21:30:57'),(345,'png/1402/345_10012.png','image/png','2020-11-18 21:31:11'),(346,'mp4/7730/346_16118.mp4','video/mp4','2020-11-18 21:40:21'),(347,'png/6397/347_23263.png','image/png','2020-11-18 21:48:28'),(348,'png/674/348_13190.png','image/png','2020-11-18 21:48:50'),(349,'png/8859/349_7809.png','image/png','2020-11-18 21:49:17'),(350,'png/8274/350_16440.png','image/png','2020-11-18 21:49:25'),(351,'png/1602/351_18984.png','image/png','2020-11-18 21:49:28'),(352,'png/144/352_26742.png','image/png','2020-11-18 21:49:36'),(353,'png/8785/353_21817.png','image/png','2020-11-18 21:50:03'),(354,'png/1687/354_23935.png','image/png','2020-11-18 21:50:05'),(355,'png/8064/355_7530.png','image/png','2020-11-18 21:50:21'),(356,'png/6232/356_25690.png','image/png','2020-11-19 09:19:40'),(357,'png/2576/357_5666.png','image/png','2020-11-19 09:23:36'),(358,'png/7359/358_16863.png','image/png','2020-11-19 09:27:31'),(359,'png/3643/359_10345.png','image/png','2020-11-19 09:31:09'),(360,'png/2870/360_20408.png','image/png','2020-11-19 09:53:43'),(361,'png/8634/361_10020.png','image/png','2020-11-19 10:55:24'),(362,'png/1400/362_30434.png','image/png','2020-11-19 10:55:45'),(363,'png/1745/363_30779.png','image/png','2020-11-19 10:55:45'),(364,'png/2370/364_31404.png','image/png','2020-11-19 10:55:45'),(365,'png/8743/365_1945.png','image/png','2020-11-19 10:57:24'),(366,'png/9117/366_11535.png','image/png','2020-11-19 10:57:34'),(367,'png/269/367_11903.png','image/png','2020-11-19 10:57:34'),(368,'png/788/368_12422.png','image/png','2020-11-19 10:57:34'),(369,'png/6046/369_13330.png','image/png','2020-11-19 10:58:07'),(370,'png/6486/370_13770.png','image/png','2020-11-19 10:58:08'),(371,'png/6962/371_14246.png','image/png','2020-11-19 10:58:08'),(372,'mp4/377/372_27935.mp4','video/mp4','2020-11-19 11:11:42'),(373,'mp4/7342/373_18826.mp4','video/mp4','2020-11-19 11:25:57'),(374,'png/4101/374_19959.png','image/png','2020-11-19 20:37:56'),(375,'png/2213/375_22199.png','image/png','2020-11-19 20:46:30'),(376,'png/2461/376_9397.png','image/png','2020-11-19 20:47:53'),(377,'png/3386/377_15188.png','image/png','2020-11-19 20:48:31'),(378,'png/5349/378_16929.png','image/png','2020-11-19 20:57:37'),(379,'jpg/3663/379_11925.jpg','image/jpeg','2020-11-19 21:00:12'),(380,'png/8413/380_3109.png','image/png','2020-11-19 21:00:35'),(381,'jpg/688/381_4600.jpg','image/jpeg','2020-11-19 21:00:36'),(382,'png/3932/382_17060.png','image/png','2020-11-19 21:00:49'),(383,'png/4155/383_17283.png','image/png','2020-11-19 21:00:49'),(384,'png/4378/384_17506.png','image/png','2020-11-19 21:00:49'),(385,'png/4614/385_17742.png','image/png','2020-11-19 21:00:50'),(386,'png/4833/386_17961.png','image/png','2020-11-19 21:00:50'),(387,'jpg/5982/387_28326.jpg','image/jpeg','2020-11-19 21:01:00'),(388,'png/7588/388_2800.png','image/png','2020-11-19 21:01:39'),(389,'png/2559/389_30285.png','image/png','2020-11-19 21:02:38'),(390,'png/4606/390_9550.png','image/png','2020-11-19 21:02:49'),(391,'png/4908/391_9852.png','image/png','2020-11-19 21:02:50'),(392,'png/5169/392_10113.png','image/png','2020-11-19 21:02:50'),(393,'png/5384/393_10328.png','image/png','2020-11-19 21:02:50'),(394,'png/5616/394_10560.png','image/png','2020-11-19 21:02:50'),(395,'jpg/4949/395_14759.jpg','image/jpeg','2020-11-19 21:03:27'),(396,'png/8931/396_23607.png','image/png','2020-11-19 21:04:07'),(397,'jpg/1929/397_26115.jpg','image/jpeg','2020-11-19 21:14:18'),(398,'png/253/398_9619.png','image/png','2020-11-19 21:21:29'),(399,'jpg/5336/399_20600.jpg','image/jpeg','2020-11-19 21:24:20'),(400,'mp4/723/400_11637.mp4','video/mp4','2020-11-19 21:24:43'),(401,'png/608/401_8204.png','image/png','2020-11-19 21:27:20'),(402,'png/2463/402_29595.png','image/png','2020-11-19 21:49:01'),(403,'png/4285/403_8635.png','image/png','2020-11-19 21:49:12'),(404,'png/7734/404_16950.png','image/png','2020-11-19 21:49:53'),(405,'png/1724/405_2240.png','image/png','2020-11-19 21:50:42'),(406,'png/3723/406_13455.png','image/png','2020-11-19 21:50:53'),(407,'png/8853/407_669.png','image/png','2020-11-19 21:51:44'),(408,'png/6055/408_7897.png','image/png','2020-11-19 22:03:03'),(409,'png/3491/409_14549.png','image/png','2020-11-19 22:03:10'),(410,'png/2686/410_18610.png','image/png','2020-11-19 22:03:46'),(411,'png/6765/411_14505.png','image/png','2020-11-19 22:05:50'),(412,'png/6123/412_23079.png','image/png','2020-11-19 22:05:59'),(413,'png/5906/413_18512.png','image/png','2020-11-19 22:06:26'),(414,'png/2654/414_17624.png','image/png','2020-11-20 10:53:18'),(415,'png/2379/415_26565.png','image/png','2020-11-20 10:53:27'),(416,'png/2666/416_26852.png','image/png','2020-11-20 10:53:28'),(417,'png/2950/417_27136.png','image/png','2020-11-20 10:53:28'),(418,'png/3173/418_27359.png','image/png','2020-11-20 10:53:28'),(419,'png/3392/419_27578.png','image/png','2020-11-20 10:53:28'),(420,'png/2559/420_8829.png','image/png','2020-11-20 10:54:14'),(421,'png/2847/421_23199.png','image/png','2020-11-20 10:55:00'),(422,'png/7090/422_27442.png','image/png','2020-11-20 10:55:04'),(423,'png/7707/423_30465.png','image/png','2020-11-20 15:55:22'),(424,'png/7894/424_7870.png','image/png','2020-11-20 15:55:31'),(425,'png/8910/425_8886.png','image/png','2020-11-20 15:55:32'),(426,'png/7997/426_3623.png','image/png','2020-11-20 15:55:59'),(427,'png/9071/427_4697.png','image/png','2020-11-20 15:56:00'),(428,'png/5397/428_18201.png','image/png','2020-11-20 16:03:10'),(429,'png/1621/429_859.png','image/png','2020-11-20 16:03:24'),(430,'png/2698/430_1936.png','image/png','2020-11-20 16:03:25'),(431,'png/6756/431_20076.png','image/png','2020-11-20 16:04:16'),(432,'png/7883/432_21203.png','image/png','2020-11-20 16:04:17'),(433,'png/9032/433_22352.png','image/png','2020-11-20 16:04:18'),(434,'png/6357/434_29925.png','image/png','2020-11-20 16:06:33'),(435,'png/1054/435_28438.png','image/png','2020-11-20 19:24:55'),(436,'png/7049/436_11651.png','image/png','2020-11-20 19:25:10'),(437,'png/7198/437_11800.png','image/png','2020-11-20 19:25:11'),(438,'png/7558/438_12160.png','image/png','2020-11-20 19:25:11'),(439,'png/7719/439_12321.png','image/png','2020-11-20 19:25:11'),(440,'png/8010/440_12612.png','image/png','2020-11-20 19:25:11'),(441,'mp4/1799/441_2051.mp4','video/mp4','2020-11-20 19:25:33'),(442,'png/878/442_15212.png','image/png','2020-11-20 19:26:18'),(443,'png/1028/443_15362.png','image/png','2020-11-20 19:26:18'),(444,'png/1172/444_15506.png','image/png','2020-11-20 19:26:18'),(445,'png/1427/445_15761.png','image/png','2020-11-20 19:26:19'),(446,'png/1636/446_15970.png','image/png','2020-11-20 19:26:19'),(447,'png/1896/447_16230.png','image/png','2020-11-20 19:26:19'),(448,'png/2120/448_16454.png','image/png','2020-11-20 19:26:19'),(449,'png/2292/449_16626.png','image/png','2020-11-20 19:26:19'),(450,'png/2522/450_16856.png','image/png','2020-11-20 19:26:20'),(451,'png/1816/451_7450.png','image/png','2020-11-20 19:27:14'),(452,'png/2330/452_3614.png','image/png','2020-11-20 19:27:42'),(453,'png/7177/453_4111.png','image/png','2020-11-20 19:28:15'),(454,'mp4/5839/454_8227.mp4','video/mp4','2020-11-20 19:49:07'),(455,'jpg/3694/455_11464.jpg','image/jpeg','2020-11-20 19:50:46'),(456,'png/6174/456_23748.png','image/png','2020-11-20 20:11:14'),(457,'png/7898/457_11906.png','image/png','2020-11-20 20:11:34'),(458,'png/8193/458_12201.png','image/png','2020-11-20 20:11:35'),(459,'png/8484/459_12492.png','image/png','2020-11-20 20:11:35'),(460,'png/8708/460_12716.png','image/png','2020-11-20 20:11:35'),(461,'png/8952/461_12960.png','image/png','2020-11-20 20:11:36'),(462,'png/701/462_28007.png','image/png','2020-11-20 20:12:23'),(463,'png/886/463_28192.png','image/png','2020-11-20 20:12:23'),(464,'png/1111/464_28417.png','image/png','2020-11-20 20:12:23'),(465,'png/1308/465_28614.png','image/png','2020-11-20 20:12:23'),(466,'png/1506/466_28812.png','image/png','2020-11-20 20:12:23'),(467,'png/1706/467_29012.png','image/png','2020-11-20 20:12:24'),(468,'png/1884/468_29190.png','image/png','2020-11-20 20:12:24'),(469,'png/2147/469_29453.png','image/png','2020-11-20 20:12:24'),(470,'png/2360/470_29666.png','image/png','2020-11-20 20:12:24'),(471,'mp4/7503/471_12027.mp4','video/mp4','2020-11-20 20:12:39'),(472,'png/698/472_20630.png','image/png','2020-11-20 20:25:35'),(473,'mp4/5835/473_31737.mp4','video/mp4','2020-11-20 20:47:38'),(474,'png/3301/474_19309.png','image/png','2020-11-20 23:27:57'),(475,'png/895/475_26119.png','image/png','2020-11-20 23:28:04'),(476,'mp4/4698/476_25572.mp4','video/mp4','2020-11-20 23:28:35'),(477,'png/3829/477_6787.png','image/png','2020-11-20 23:29:21'),(478,'png/272/478_21662.png','image/png','2020-11-20 23:29:36'),(479,'png/8311/479_16651.png','image/png','2020-11-20 23:31:06'),(480,'jpg/7254/480_2310.jpg','image/jpeg','2020-11-21 15:34:01'),(481,'jpg/2218/481_31114.jpg','image/jpeg','2020-11-21 15:47:17'),(482,'jpg/7845/482_4743.jpg','image/jpeg','2020-11-21 15:47:23'),(483,'jpg/7339/483_24217.jpg','image/jpeg','2020-11-21 15:50:54'),(484,'jpg/4625/484_12803.jpg','image/jpeg','2020-11-21 15:51:47'),(485,'jpg/5125/485_9469.jpg','image/jpeg','2020-11-21 15:53:20'),(486,'jpg/4165/486_22591.jpg','image/jpeg','2020-11-21 15:54:05'),(487,'jpg/1383/487_29025.jpg','image/jpeg','2020-11-21 15:54:11'),(488,'png/3896/488_28220.png','image/png','2020-11-21 15:56:50'),(489,'mp4/7423/489_27397.mp4','video/mp4','2020-11-21 15:57:22'),(490,'png/7594/490_4786.png','image/png','2020-11-21 15:57:31'),(491,'png/7956/491_5148.png','image/png','2020-11-21 15:57:31'),(492,'png/8129/492_5321.png','image/png','2020-11-21 15:57:31'),(493,'png/8265/493_5457.png','image/png','2020-11-21 15:57:32'),(494,'png/8445/494_5637.png','image/png','2020-11-21 15:57:32'),(495,'png/6919/495_8977.png','image/png','2020-11-21 15:58:07'),(496,'png/8869/496_10927.png','image/png','2020-11-21 15:58:09'),(497,'png/2094/497_13368.png','image/png','2020-11-21 15:58:12'),(498,'jpg/1339/498_17479.jpg','image/jpeg','2020-11-21 15:58:48'),(499,'jpg/3090/499_11562.jpg','image/jpeg','2020-11-21 16:01:54'),(500,'jpg/5742/500_28296.jpg','image/jpeg','2020-11-21 16:02:42'),(501,'jpg/1340/501_10844.jpg','image/jpeg','2020-11-21 16:04:01'),(502,'jpg/6896/502_12050.jpg','image/jpeg','2020-11-21 16:04:34'),(503,'jpg/8427/503_4881.jpg','image/jpeg','2020-11-21 16:05:31'),(504,'jpg/6463/504_21865.jpg','image/jpeg','2020-11-21 16:06:52'),(505,'jpg/2506/505_18424.jpg','image/jpeg','2020-11-21 16:07:53'),(506,'jpg/5227/506_17311.jpg','image/jpeg','2020-11-21 16:09:27'),(507,'jpg/7625/507_22289.jpg','image/jpeg','2020-11-21 16:14:52'),(508,'jpg/7271/508_3281.jpg','image/jpeg','2020-11-21 16:23:37'),(509,'png/4556/509_8870.png','image/png','2020-11-23 14:24:05'),(510,'png/6650/510_29396.png','image/png','2020-11-23 14:24:25'),(511,'png/8885/511_31631.png','image/png','2020-11-23 14:24:27'),(512,'png/2188/512_2152.png','image/png','2020-11-23 14:24:30'),(513,'png/4739/513_4703.png','image/png','2020-11-23 14:24:32'),(514,'png/7222/514_7186.png','image/png','2020-11-23 14:24:35'),(515,'mp4/9066/515_4680.mp4','video/mp4','2020-11-23 14:25:04'),(516,'png/9009/516_5139.png','image/png','2020-11-23 14:26:09'),(517,'png/648/517_5994.png','image/png','2020-11-23 14:26:10'),(518,'png/1098/518_6444.png','image/png','2020-11-23 14:26:10'),(519,'png/2125/519_7471.png','image/png','2020-11-23 14:26:11'),(520,'png/2738/520_8084.png','image/png','2020-11-23 14:26:12'),(521,'png/3500/521_8846.png','image/png','2020-11-23 14:26:13'),(522,'png/4375/522_9721.png','image/png','2020-11-23 14:26:13'),(523,'png/5039/523_10385.png','image/png','2020-11-23 14:26:14'),(524,'png/5857/524_11203.png','image/png','2020-11-23 14:26:15'),(525,'png/28/525_26086.png','image/png','2020-11-23 15:28:22'),(526,'png/8934/526_12210.png','image/png','2020-11-23 15:28:40'),(527,'png/2250/527_14742.png','image/png','2020-11-23 15:28:42'),(528,'png/4808/528_17300.png','image/png','2020-11-23 15:28:45'),(529,'png/7351/529_19843.png','image/png','2020-11-23 15:28:47'),(530,'png/549/530_22257.png','image/png','2020-11-23 15:28:50'),(531,'jpg/7489/531_24847.jpg','image/jpeg','2020-11-23 15:29:24'),(532,'png/6674/532_6116.png','image/png','2020-11-23 15:30:10'),(533,'png/7331/533_6773.png','image/png','2020-11-23 15:30:10'),(534,'png/7985/534_7427.png','image/png','2020-11-23 15:30:11'),(535,'png/8919/535_8361.png','image/png','2020-11-23 15:30:12'),(536,'png/466/536_9124.png','image/png','2020-11-23 15:30:13'),(537,'png/1286/537_9944.png','image/png','2020-11-23 15:30:13'),(538,'png/1900/538_10558.png','image/png','2020-11-23 15:30:14'),(539,'png/2726/539_11384.png','image/png','2020-11-23 15:30:15'),(540,'png/3130/540_11788.png','image/png','2020-11-23 15:30:15'),(541,'png/6771/541_15945.png','image/png','2020-11-23 15:31:23'),(542,'png/866/542_28538.png','image/png','2020-11-23 16:57:28'),(543,'png/1747/543_6637.png','image/png','2020-11-23 16:57:38'),(544,'png/1940/544_6830.png','image/png','2020-11-23 16:57:38'),(545,'png/2217/545_7107.png','image/png','2020-11-23 16:57:38'),(546,'png/2352/546_7242.png','image/png','2020-11-23 16:57:38'),(547,'png/2574/547_7464.png','image/png','2020-11-23 16:57:39'),(548,'mp4/8843/548_167.mp4','video/mp4','2020-11-23 16:58:03'),(549,'png/6203/549_2393.png','image/png','2020-11-23 16:58:37'),(550,'png/6334/550_2524.png','image/png','2020-11-23 16:58:38'),(551,'png/6592/551_2782.png','image/png','2020-11-23 16:58:38'),(552,'png/6741/552_2931.png','image/png','2020-11-23 16:58:38'),(553,'png/6932/553_3122.png','image/png','2020-11-23 16:58:38'),(554,'png/7100/554_3290.png','image/png','2020-11-23 16:58:38'),(555,'png/5242/555_15514.png','image/png','2020-11-23 16:59:23'),(556,'png/3108/556_18762.png','image/png','2020-11-23 17:01:02'),(557,'png/1015/557_17185.png','image/png','2020-11-23 17:02:04'),(558,'png/2378/558_15818.png','image/png','2020-11-23 17:24:59'),(559,'png/5371/559_22333.png','image/png','2020-11-23 20:33:21'),(560,'png/8791/560_12187.png','image/png','2020-11-23 20:33:42'),(561,'png/50/561_12662.png','image/png','2020-11-23 20:33:43'),(562,'png/1051/562_13663.png','image/png','2020-11-23 20:33:44'),(563,'png/1976/563_14588.png','image/png','2020-11-23 20:33:45'),(564,'png/2682/564_15294.png','image/png','2020-11-23 20:33:46'),(565,'mp4/3536/565_11798.mp4','video/mp4','2020-11-23 20:34:14'),(566,'png/3228/566_23286.png','image/png','2020-11-23 20:39:46'),(567,'png/6604/567_3880.png','image/png','2020-11-23 20:39:58'),(568,'png/7911/568_5187.png','image/png','2020-11-23 20:39:59'),(569,'png/9000/569_6276.png','image/png','2020-11-23 20:40:01'),(570,'png/313/570_6805.png','image/png','2020-11-23 20:40:01'),(571,'png/1195/571_7687.png','image/png','2020-11-23 20:40:02'),(572,'mp4/3719/572_15077.mp4','video/mp4','2020-11-23 20:40:41'),(573,'png/7932/573_10590.png','image/png','2020-11-23 20:41:41'),(574,'png/2565/574_23655.png','image/png','2020-11-23 20:41:54'),(575,'png/3661/575_24751.png','image/png','2020-11-23 20:41:55'),(576,'png/4192/576_25282.png','image/png','2020-11-23 20:41:56'),(577,'png/4894/577_25984.png','image/png','2020-11-23 20:41:56'),(578,'png/5772/578_26862.png','image/png','2020-11-23 20:41:57'),(579,'png/6372/579_27462.png','image/png','2020-11-23 20:41:58'),(580,'png/7174/580_28264.png','image/png','2020-11-23 20:41:59'),(581,'png/8486/581_29576.png','image/png','2020-11-23 20:42:00'),(582,'png/1766/582_15188.png','image/png','2020-11-23 20:44:57'),(583,'png/2328/583_11400.png','image/png','2020-11-23 20:45:26'),(584,'png/3805/584_24673.png','image/png','2020-11-23 20:50:59'),(585,'png/3721/585_20239.png','image/png','2020-11-23 20:51:26'),(586,'png/4266/586_20784.png','image/png','2020-11-23 20:51:27'),(587,'png/5467/587_21985.png','image/png','2020-11-23 20:51:28'),(588,'png/6888/588_23406.png','image/png','2020-11-23 20:51:30'),(589,'png/8022/589_24540.png','image/png','2020-11-23 20:51:31'),(590,'mp4/1349/590_13517.mp4','video/mp4','2020-11-23 20:51:52'),(591,'png/6908/591_1160.png','image/png','2020-11-23 20:52:43'),(592,'png/7086/592_1338.png','image/png','2020-11-23 20:52:44'),(593,'png/7463/593_1715.png','image/png','2020-11-23 20:52:44'),(594,'png/7610/594_1862.png','image/png','2020-11-23 20:52:44'),(595,'png/7805/595_2057.png','image/png','2020-11-23 20:52:44'),(596,'png/8059/596_2311.png','image/png','2020-11-23 20:52:45'),(597,'png/8226/597_2478.png','image/png','2020-11-23 20:52:45'),(598,'png/8429/598_2681.png','image/png','2020-11-23 20:52:45'),(599,'png/8631/599_2883.png','image/png','2020-11-23 20:52:45'),(600,'png/7523/600_25073.png','image/png','2020-11-23 20:53:39'),(601,'png/983/601_23399.png','image/png','2020-11-23 20:54:10'),(602,'png/7155/602_2955.png','image/png','2020-11-23 20:55:57'),(603,'png/1433/603_24881.png','image/png','2020-11-23 20:56:19'),(604,'png/1284/604_7848.png','image/png','2020-11-23 20:59:14'),(605,'png/8518/605_19948.png','image/png','2020-11-23 20:59:58'),(606,'png/4028/606_30056.png','image/png','2020-11-23 21:01:44'),(607,'png/6781/607_10027.png','image/png','2020-11-23 21:01:56'),(608,'png/7060/608_10306.png','image/png','2020-11-23 21:01:56'),(609,'png/7896/609_11142.png','image/png','2020-11-23 21:01:57'),(610,'png/48/610_12510.png','image/png','2020-11-23 21:01:59'),(611,'png/1581/611_14043.png','image/png','2020-11-23 21:02:00'),(612,'mp4/6960/612_10722.mp4','video/mp4','2020-11-23 21:03:01'),(613,'png/6789/613_24633.png','image/png','2020-11-23 21:03:47'),(614,'png/7129/614_24973.png','image/png','2020-11-23 21:03:47'),(615,'png/8496/615_26340.png','image/png','2020-11-23 21:03:49'),(616,'png/750/616_27810.png','image/png','2020-11-23 21:03:50'),(617,'png/1893/617_28953.png','image/png','2020-11-23 21:03:51'),(618,'png/2430/618_29490.png','image/png','2020-11-23 21:03:52'),(619,'png/3417/619_30477.png','image/png','2020-11-23 21:03:53'),(620,'png/3980/620_31040.png','image/png','2020-11-23 21:03:53'),(621,'png/4735/621_31795.png','image/png','2020-11-23 21:03:54'),(622,'png/8955/622_27315.png','image/png','2020-11-23 21:04:53'),(623,'png/1940/623_25166.png','image/png','2020-11-23 21:05:23'),(624,'mp4/1777/624_4777.mp4','video/mp4','2020-11-24 15:16:43'),(625,'png/6707/625_3461.png','image/png','2020-11-25 14:43:00'),(626,'jpg/8614/626_2632.jpg','image/jpeg','2020-11-25 16:12:35'),(627,'png/8198/627_29120.png','image/png','2020-11-25 17:27:41'),(628,'jpg/6785/628_16055.jpg','image/jpeg','2020-11-25 18:00:32'),(629,'jpg/6633/629_23349.jpg','image/jpeg','2020-11-25 18:06:31'),(630,'png/4069/630_12085.png','image/png','2020-11-25 18:07:24'),(631,'jpg/8993/631_19883.jpg','image/jpeg','2020-11-25 18:23:00'),(632,'mp4/3528/632_2322.mp4','video/mp4','2020-11-25 19:13:54'),(633,'mp4/7953/633_16773.mp4','video/mp4','2020-11-25 19:25:21'),(634,'mp4/3064/634_8050.mp4','video/mp4','2020-11-25 19:26:48'),(635,'mp4/6415/635_25483.mp4','video/mp4','2020-11-25 19:27:37'),(636,'mp4/2709/636_13077.mp4','video/mp4','2020-11-25 19:28:29'),(637,'mp4/8157/637_28257.mp4','video/mp4','2020-11-25 19:29:48'),(638,'mp4/7169/638_9353.mp4','video/mp4','2020-11-25 19:30:33'),(639,'mp4/6656/639_15254.mp4','video/mp4','2020-11-25 19:34:23'),(640,'mp4/6710/640_2258.mp4','video/mp4','2020-11-25 19:35:46'),(641,'mp4/2987/641_10331.mp4','video/mp4','2020-11-25 19:41:14'),(642,'mp4/9052/642_12046.mp4','video/mp4','2020-11-25 19:41:48'),(643,'mp4/3351/643_20943.mp4','video/mp4','2020-11-25 19:43:33'),(644,'jpg/4076/644_23066.jpg','image/jpeg','2020-11-26 09:54:12'),(645,'jpg/7931/645_27437.jpg','image/jpeg','2020-11-26 09:55:20'),(646,'jpg/538/646_9574.jpg','image/jpeg','2020-11-26 10:01:58'),(647,'jpg/7098/647_3600.jpg','image/jpeg','2020-11-26 10:04:32'),(648,'png/5537/648_21281.png','image/png','2020-11-26 10:16:02'),(649,'png/7401/649_9579.png','image/png','2020-11-26 10:16:22'),(650,'png/7534/650_9712.png','image/png','2020-11-26 10:16:22'),(651,'png/7671/651_9849.png','image/png','2020-11-26 10:16:22'),(652,'png/7869/652_10047.png','image/png','2020-11-26 10:16:22'),(653,'png/7986/653_10164.png','image/png','2020-11-26 10:16:23'),(654,'mp4/6626/654_27236.mp4','video/mp4','2020-11-26 10:16:40'),(655,'png/7010/655_23786.png','image/png','2020-11-26 10:18:12'),(656,'png/7305/656_24081.png','image/png','2020-11-26 10:18:12'),(657,'png/7500/657_24276.png','image/png','2020-11-26 10:18:13'),(658,'png/8939/658_3449.png','image/png','2020-11-26 10:19:28'),(659,'jpg/5192/659_23000.jpg','image/jpeg','2020-11-26 10:20:19'),(660,'png/3259/660_3961.png','image/png','2020-11-26 10:32:16'),(661,'png/2382/661_12300.png','image/png','2020-11-26 10:32:25'),(662,'png/6138/662_25272.png','image/png','2020-11-26 10:32:38'),(663,'png/6250/663_25384.png','image/png','2020-11-26 10:32:38'),(664,'png/6442/664_25576.png','image/png','2020-11-26 10:32:38'),(665,'png/6728/665_25862.png','image/png','2020-11-26 10:32:38'),(666,'mp4/8618/666_23402.mp4','video/mp4','2020-11-26 10:33:08'),(667,'png/103/667_15403.png','image/png','2020-11-26 10:34:04'),(668,'png/575/668_15875.png','image/png','2020-11-26 10:34:04'),(669,'png/946/669_16246.png','image/png','2020-11-26 10:34:05'),(670,'png/1523/670_16823.png','image/png','2020-11-26 10:34:05'),(671,'png/1991/671_17291.png','image/png','2020-11-26 10:34:06'),(672,'png/2335/672_17635.png','image/png','2020-11-26 10:34:06'),(673,'png/2654/673_17954.png','image/png','2020-11-26 10:34:06'),(674,'png/2957/674_18257.png','image/png','2020-11-26 10:34:07'),(675,'png/3367/675_18667.png','image/png','2020-11-26 10:34:07'),(676,'png/2530/676_9130.png','image/png','2020-11-26 10:35:01'),(677,'mp4/760/677_15322.mp4','video/mp4','2020-11-26 10:42:04'),(678,'png/8039/678_5327.png','image/png','2020-11-26 14:42:25'),(679,'png/1580/679_3734.png','image/png','2020-11-26 14:42:55'),(680,'png/2993/680_2417.png','image/png','2020-11-26 15:05:50'),(681,'png/5062/681_13702.png','image/png','2020-11-26 15:06:01'),(682,'png/7175/682_11381.png','image/png','2020-11-26 17:00:38'),(683,'png/5815/683_28453.png','image/png','2020-11-26 17:00:55'),(684,'png/5961/684_28599.png','image/png','2020-11-26 17:00:55'),(685,'png/6074/685_28712.png','image/png','2020-11-26 17:00:56'),(686,'mp4/704/686_9776.mp4','video/mp4','2020-11-26 17:01:09'),(687,'png/8695/687_22633.png','image/png','2020-11-26 17:01:54'),(688,'png/8824/688_22762.png','image/png','2020-11-26 17:01:54'),(689,'png/8983/689_22921.png','image/png','2020-11-26 17:01:54'),(690,'png/9172/690_23110.png','image/png','2020-11-26 17:01:54'),(691,'png/146/691_23300.png','image/png','2020-11-26 17:01:54'),(692,'png/7326/692_26130.png','image/png','2020-11-26 17:02:29'),(693,'png/2385/693_7839.png','image/png','2020-11-26 18:00:19'),(694,'png/1798/694_16468.png','image/png','2020-11-26 18:00:27'),(695,'png/9085/695_12529.png','image/png','2020-11-26 21:35:18'),(696,'png/6952/696_10912.png','image/png','2020-11-26 21:36:21'),(697,'png/8477/697_31901.png','image/png','2020-11-26 21:38:50'),(698,'png/1650/698_11508.png','image/png','2020-11-26 21:39:01'),(699,'jpg/8364/699_5172.jpg','image/jpeg','2020-11-26 21:40:31'),(700,'png/5217/700_16107.png','image/png','2020-11-26 21:41:14'),(701,'png/971/701_30293.png','image/png','2020-11-26 21:41:28'),(702,'png/7862/702_14402.png','image/png','2020-11-26 21:41:44'),(703,'png/3816/703_28788.png','image/png','2020-11-26 21:41:59'),(704,'png/7961/704_10151.png','image/png','2020-11-26 21:42:12'),(705,'png/1639/705_17911.png','image/png','2020-11-26 21:42:52'),(706,'png/4218/706_11790.png','image/png','2020-11-26 21:43:50'),(707,'png/8203/707_29857.png','image/png','2020-11-26 21:44:40'),(708,'png/6637/708_28585.png','image/png','2020-11-26 21:54:46'),(709,'png/7958/709_16340.png','image/png','2020-11-26 21:55:06'),(710,'png/5526/710_9558.png','image/png','2020-11-26 21:55:31'),(711,'png/1122/711_13566.png','image/png','2020-11-27 10:16:53'),(712,'png/8313/712_20757.png','image/png','2020-11-27 10:17:00'),(713,'png/4443/713_3.png','image/png','2020-11-27 10:19:51'),(714,'png/3867/714_8643.png','image/png','2020-11-27 10:20:00'),(715,'jpg/7577/715_4979.jpg','image/jpeg','2020-11-27 10:33:16'),(716,'jpg/4866/716_11484.jpg','image/jpeg','2020-11-27 10:33:22'),(717,'jpg/3606/717_19440.jpg','image/jpeg','2020-11-27 10:33:30'),(718,'png/612/718_12612.png','image/png','2020-11-27 10:35:00'),(719,'png/2591/719_1025.png','image/png','2020-11-27 10:35:20'),(720,'jpg/6630/720_10446.jpg','image/jpeg','2020-11-27 10:37:05'),(721,'jpg/6155/721_1271.jpg','image/jpeg','2020-11-27 10:38:00'),(722,'jpg/2076/722_6408.jpg','image/jpeg','2020-11-27 10:38:05'),(723,'png/7405/723_12769.png','image/png','2020-11-27 10:40:20'),(724,'png/5324/724_19904.png','image/png','2020-11-27 10:40:27'),(725,'jpg/6496/725_3160.jpg','image/jpeg','2020-11-27 10:41:14'),(726,'jpg/743/726_15839.jpg','image/jpeg','2020-11-27 10:41:27'),(727,'jpg/1854/727_26166.jpg','image/jpeg','2020-11-27 10:41:37'),(728,'png/2212/728_13474.png','image/png','2020-11-27 10:43:00'),(729,'png/1992/729_22470.png','image/png','2020-11-27 10:43:09'),(730,'png/1906/730_28282.png','image/png','2020-11-27 10:45:55'),(731,'png/8581/731_2959.png','image/png','2020-11-27 10:46:02'),(732,'png/2799/732_3591.png','image/png','2020-11-27 10:49:46'),(733,'png/2770/733_12778.png','image/png','2020-11-27 10:49:56');
/*!40000 ALTER TABLE `attachment` ENABLE KEYS */;
UNLOCK TABLES;

--
-- Table structure for table `customer`
--

DROP TABLE IF EXISTS `customer`;
/*!40101 SET @saved_cs_client     = @@character_set_client */;
/*!40101 SET character_set_client = utf8 */;
CREATE TABLE `customer` (
  `customer_id` bigint(20) NOT NULL AUTO_INCREMENT,
  `customer_name` varchar(255) CHARACTER SET latin1 DEFAULT NULL,
  `phone` varchar(255) CHARACTER SET latin1 DEFAULT NULL,
  `type` varchar(255) CHARACTER SET latin1 NOT NULL,
  `beiyong1` varchar(255) DEFAULT NULL,
  `beiyong2` varchar(255) DEFAULT NULL,
  PRIMARY KEY (`customer_id`) USING BTREE
) ENGINE=InnoDB DEFAULT CHARSET=utf8;
/*!40101 SET character_set_client = @saved_cs_client */;

--
-- Dumping data for table `customer`
--

LOCK TABLES `customer` WRITE;
/*!40000 ALTER TABLE `customer` DISABLE KEYS */;
/*!40000 ALTER TABLE `customer` ENABLE KEYS */;
UNLOCK TABLES;

--
-- Table structure for table `employee`
--

DROP TABLE IF EXISTS `employee`;
/*!40101 SET @saved_cs_client     = @@character_set_client */;
/*!40101 SET character_set_client = utf8 */;
CREATE TABLE `employee` (
  `id` bigint(255) NOT NULL AUTO_INCREMENT,
  `username` varchar(255) DEFAULT NULL,
  `password` varchar(255) DEFAULT NULL,
  `phone` varchar(255) DEFAULT NULL,
  `type` varchar(255) DEFAULT NULL,
  `role` varchar(255) DEFAULT NULL,
  `image` varchar(255) DEFAULT NULL,
  PRIMARY KEY (`id`)
) ENGINE=InnoDB AUTO_INCREMENT=24 DEFAULT CHARSET=gbk;
/*!40101 SET character_set_client = @saved_cs_client */;

--
-- Dumping data for table `employee`
--

LOCK TABLES `employee` WRITE;
/*!40000 ALTER TABLE `employee` DISABLE KEYS */;
INSERT INTO `employee` VALUES (1,'ccc','123456','11122221111','启用','1','2s'),(2,'xxx','123456','22323','禁用','2','q'),(3,'w','21','323','启用','2','w'),(14,'sa','123456','1111','启用','2','ss.jpg'),(15,'string','1234','sss','启用','2','a.jpg'),(16,'3223','12333','122222222','启用','2',NULL),(17,'3223','12333','12222222222','启用','2',NULL),(18,'1233333','111','22222','启用','2',NULL),(19,'1233333','111','22222','启用','2',NULL),(20,'sss','2222','11111','启用','2',NULL),(21,'sda','111','222','启用','2',''),(22,'22','1ws','www','启用','2',''),(23,'ww','w','aaaa','启用','2','');
/*!40000 ALTER TABLE `employee` ENABLE KEYS */;
UNLOCK TABLES;

--
-- Table structure for table `employee_role`
--

DROP TABLE IF EXISTS `employee_role`;
/*!40101 SET @saved_cs_client     = @@character_set_client */;
/*!40101 SET character_set_client = utf8 */;
CREATE TABLE `employee_role` (
  `employee_id` bigint(20) DEFAULT NULL,
  `role_id` bigint(20) DEFAULT NULL,
  KEY `role_employee` (`role_id`),
  KEY `employee_role` (`employee_id`) USING BTREE,
  CONSTRAINT `employee_role` FOREIGN KEY (`employee_id`) REFERENCES `employee` (`id`),
  CONSTRAINT `role_employee` FOREIGN KEY (`role_id`) REFERENCES `role` (`id`)
) ENGINE=InnoDB DEFAULT CHARSET=utf8;
/*!40101 SET character_set_client = @saved_cs_client */;

--
-- Dumping data for table `employee_role`
--

LOCK TABLES `employee_role` WRITE;
/*!40000 ALTER TABLE `employee_role` DISABLE KEYS */;
INSERT INTO `employee_role` VALUES (1,1),(2,2),(3,2);
/*!40000 ALTER TABLE `employee_role` ENABLE KEYS */;
UNLOCK TABLES;

--
-- Table structure for table `orders`
--

DROP TABLE IF EXISTS `orders`;
/*!40101 SET @saved_cs_client     = @@character_set_client */;
/*!40101 SET character_set_client = utf8 */;
CREATE TABLE `orders` (
  `order_id` bigint(20) NOT NULL AUTO_INCREMENT,
  `area_id` bigint(20) DEFAULT NULL,
  `employee_id` bigint(20) DEFAULT NULL,
  `user_id` bigint(20) DEFAULT NULL,
  `area_amount` double DEFAULT NULL,
  `create_time` timestamp(6) NULL DEFAULT NULL,
  `discount_amount` double DEFAULT NULL,
  `period_id` bigint(6) DEFAULT NULL,
  `payment_amount` double DEFAULT NULL,
  `play_day` date DEFAULT NULL,
  `phone` varchar(255) DEFAULT NULL,
  `status` varchar(255) DEFAULT NULL,
  PRIMARY KEY (`order_id`) USING BTREE,
  KEY `FKkdnm30kj8nj263jjjf24sfgql` (`area_id`) USING BTREE,
  KEY `FK8bwmk3pkrhhnfw6uctvrh7b8f` (`user_id`) USING BTREE,
  KEY `order_employee` (`employee_id`),
  KEY `order_period` (`period_id`),
  CONSTRAINT `FK8bwmk3pkrhhnfw6uctvrh7b8f` FOREIGN KEY (`user_id`) REFERENCES `users` (`user_id`),
  CONSTRAINT `FKkdnm30kj8nj263jjjf24sfgql` FOREIGN KEY (`area_id`) REFERENCES `area` (`area_id`),
  CONSTRAINT `order_employee` FOREIGN KEY (`employee_id`) REFERENCES `employee` (`id`),
  CONSTRAINT `order_period` FOREIGN KEY (`period_id`) REFERENCES `period` (`period_id`)
) ENGINE=InnoDB AUTO_INCREMENT=20 DEFAULT CHARSET=utf8;
/*!40101 SET character_set_client = @saved_cs_client */;

--
-- Dumping data for table `orders`
--

LOCK TABLES `orders` WRITE;
/*!40000 ALTER TABLE `orders` DISABLE KEYS */;
INSERT INTO `orders` VALUES (3,1,1,1,100,'2020-12-16 02:30:13.000000',10,2,90,'2020-12-18',NULL,NULL),(4,4,2,NULL,100,'2020-12-16 05:26:07.000000',1,2,99,'2020-12-18','13711310684',NULL),(5,1,1,NULL,100,'2020-12-21 07:29:34.266000',NULL,1,NULL,'2020-12-23','104190',NULL),(7,1,1,NULL,100,'2020-12-21 07:35:30.948000',NULL,1,100,'2020-12-22','104000190',NULL),(8,1,1,NULL,100,'2020-12-21 07:36:32.820000',NULL,2,100,'2020-12-22','10400019012',NULL),(11,3,1,NULL,80,'2020-12-21 07:38:41.709000',NULL,2,80,'2020-12-21','+6213711310684',NULL),(13,4,1,NULL,100,'2020-12-21 10:23:00.771000',NULL,2,100,'2020-12-21','+6213711310684',NULL),(14,1,1,NULL,100,'2020-12-21 10:29:00.690000',NULL,2,100,'2020-12-21','+6213711310684',NULL),(15,5,1,NULL,100,'2020-12-21 10:29:38.491000',NULL,2,100,'2020-12-21','+6213711310684',NULL),(16,1,1,NULL,100,'2020-12-21 10:29:46.652000',NULL,1,100,'2020-12-21','104190',NULL),(17,3,1,NULL,80,'2020-12-21 10:29:59.897000',NULL,1,80,'2020-12-21','',NULL),(18,4,1,NULL,100,'2020-12-21 10:33:43.583000',NULL,1,100,'2020-12-21','',NULL),(19,6,1,NULL,80,'2020-12-21 10:34:20.471000',NULL,2,80,'2020-12-21','',NULL);
/*!40000 ALTER TABLE `orders` ENABLE KEYS */;
UNLOCK TABLES;

--
-- Table structure for table `period`
--

DROP TABLE IF EXISTS `period`;
/*!40101 SET @saved_cs_client     = @@character_set_client */;
/*!40101 SET character_set_client = utf8 */;
CREATE TABLE `period` (
  `period_id` bigint(20) NOT NULL AUTO_INCREMENT,
  `period_time` varchar(255) DEFAULT NULL,
  `start_time` time DEFAULT NULL,
  `end_time` time DEFAULT NULL,
  PRIMARY KEY (`period_id`)
) ENGINE=InnoDB AUTO_INCREMENT=3 DEFAULT CHARSET=utf8;
/*!40101 SET character_set_client = @saved_cs_client */;

--
-- Dumping data for table `period`
--

LOCK TABLES `period` WRITE;
/*!40000 ALTER TABLE `period` DISABLE KEYS */;
INSERT INTO `period` VALUES (1,'10点-12点','10:00:00','12:00:00'),(2,'13点-15点','13:00:00','19:00:00');
/*!40000 ALTER TABLE `period` ENABLE KEYS */;
UNLOCK TABLES;

--
-- Table structure for table `permission`
--

DROP TABLE IF EXISTS `permission`;
/*!40101 SET @saved_cs_client     = @@character_set_client */;
/*!40101 SET character_set_client = utf8 */;
CREATE TABLE `permission` (
  `id` bigint(20) NOT NULL AUTO_INCREMENT,
  `name` varchar(255) DEFAULT NULL,
  `pid` varchar(255) DEFAULT NULL,
  `url` varchar(255) DEFAULT NULL,
  PRIMARY KEY (`id`)
) ENGINE=InnoDB AUTO_INCREMENT=4 DEFAULT CHARSET=utf8;
/*!40101 SET character_set_client = @saved_cs_client */;

--
-- Dumping data for table `permission`
--

LOCK TABLES `permission` WRITE;
/*!40000 ALTER TABLE `permission` DISABLE KEYS */;
INSERT INTO `permission` VALUES (1,'员工添加','1','employee:add'),(2,'员工禁用',NULL,'employee:disable'),(3,'员工账号启用',NULL,'employee:enable');
/*!40000 ALTER TABLE `permission` ENABLE KEYS */;
UNLOCK TABLES;

--
-- Table structure for table `role`
--

DROP TABLE IF EXISTS `role`;
/*!40101 SET @saved_cs_client     = @@character_set_client */;
/*!40101 SET character_set_client = utf8 */;
CREATE TABLE `role` (
  `id` bigint(20) NOT NULL AUTO_INCREMENT,
  `name` varchar(255) DEFAULT NULL,
  PRIMARY KEY (`id`)
) ENGINE=InnoDB AUTO_INCREMENT=3 DEFAULT CHARSET=utf8;
/*!40101 SET character_set_client = @saved_cs_client */;

--
-- Dumping data for table `role`
--

LOCK TABLES `role` WRITE;
/*!40000 ALTER TABLE `role` DISABLE KEYS */;
INSERT INTO `role` VALUES (1,'管理员'),(2,'普通员工');
/*!40000 ALTER TABLE `role` ENABLE KEYS */;
UNLOCK TABLES;

--
-- Table structure for table `role_permission`
--

DROP TABLE IF EXISTS `role_permission`;
/*!40101 SET @saved_cs_client     = @@character_set_client */;
/*!40101 SET character_set_client = utf8 */;
CREATE TABLE `role_permission` (
  `role_id` bigint(20) DEFAULT NULL,
  `permission_id` bigint(20) DEFAULT NULL,
  KEY `role_permission` (`role_id`),
  KEY `permission_role` (`permission_id`),
  CONSTRAINT `permission_role` FOREIGN KEY (`permission_id`) REFERENCES `permission` (`id`),
  CONSTRAINT `role_permission` FOREIGN KEY (`role_id`) REFERENCES `role` (`id`)
) ENGINE=InnoDB DEFAULT CHARSET=utf8;
/*!40101 SET character_set_client = @saved_cs_client */;

--
-- Dumping data for table `role_permission`
--

LOCK TABLES `role_permission` WRITE;
/*!40000 ALTER TABLE `role_permission` DISABLE KEYS */;
INSERT INTO `role_permission` VALUES (1,1),(1,2),(1,3);
/*!40000 ALTER TABLE `role_permission` ENABLE KEYS */;
UNLOCK TABLES;

--
-- Table structure for table `student`
--

DROP TABLE IF EXISTS `student`;
/*!40101 SET @saved_cs_client     = @@character_set_client */;
/*!40101 SET character_set_client = utf8 */;
CREATE TABLE `student` (
  `user_id` bigint(20) NOT NULL AUTO_INCREMENT,
  `user_name` varchar(255) CHARACTER SET latin1 DEFAULT NULL,
  PRIMARY KEY (`user_id`) USING BTREE
) ENGINE=InnoDB DEFAULT CHARSET=utf8;
/*!40101 SET character_set_client = @saved_cs_client */;

--
-- Dumping data for table `student`
--

LOCK TABLES `student` WRITE;
/*!40000 ALTER TABLE `student` DISABLE KEYS */;
/*!40000 ALTER TABLE `student` ENABLE KEYS */;
UNLOCK TABLES;

--
-- Table structure for table `users`
--

DROP TABLE IF EXISTS `users`;
/*!40101 SET @saved_cs_client     = @@character_set_client */;
/*!40101 SET character_set_client = utf8 */;
CREATE TABLE `users` (
  `user_id` bigint(20) NOT NULL AUTO_INCREMENT,
  `password` varchar(255) CHARACTER SET latin1 DEFAULT NULL,
  `level` varchar(255) CHARACTER SET latin1 DEFAULT NULL,
  `status` varchar(255) CHARACTER SET latin1 DEFAULT NULL,
  `user_name` text CHARACTER SET utf32,
  `phone` varchar(255) DEFAULT NULL,
  `creat_time` timestamp NULL DEFAULT NULL,
  `balance` double(255,4) DEFAULT NULL,
  PRIMARY KEY (`user_id`) USING BTREE
) ENGINE=InnoDB AUTO_INCREMENT=26 DEFAULT CHARSET=utf8;
/*!40101 SET character_set_client = @saved_cs_client */;

--
-- Dumping data for table `users`
--

LOCK TABLES `users` WRITE;
/*!40000 ALTER TABLE `users` DISABLE KEYS */;
INSERT INTO `users` VALUES (1,'$2a$10$wXXWvw7o1K.2xP7Mfwnxz.W9W59EZ9Zq99RLMOa//84whv/iOpcTW','low','0','chen','112333','2020-12-09 16:00:00',10220.0011),(2,'$2a$10$wXXWvw7o1K.2xP7Mfwnxz.W9W59EZ9Zq99RLMOa//84whv/iOpcTW','middle','0','黄鹏','1122222','2020-12-12 09:57:03',100.0000),(8,'','low','0','黄鹏','11111111111','2020-12-07 16:00:00',6.5000),(9,'','low','0','111','22222222222','2020-12-08 16:00:00',9.2000),(10,'','low','0','11','22221111111','2020-12-08 16:00:00',112.0000),(11,'','low','1','james weikai','11111111111','2020-12-08 16:00:00',11.0000),(12,'','low','0','james weikai','11111111111','2020-12-08 16:00:00',11.0000),(13,'','low','0','james weikai','11111111111','2020-12-08 16:00:00',11.0000),(14,'','middle','0','1','11111111111','2020-12-09 16:00:00',11.0000),(15,'','low','0','james weikai','11111111111','2020-12-20 16:00:00',111.0000),(16,'','low','0','james weikai1212','11111111111','2020-12-20 16:00:00',111.0000),(17,'','low','0','james weikai','11111111111','2020-12-20 16:00:00',41.0000),(18,'','low','0','james weikai2323','12323232232','2020-12-20 16:00:00',112.0000),(19,'','low','0','111','22222222222','2020-12-20 16:00:00',123.0000),(20,'','low','0','2','22222222222','2020-12-20 16:00:00',111.0000),(21,'','low','0','james weikai','23222222222','2020-12-20 16:00:00',123.0000),(22,'',NULL,'0','12','90990000022','2020-12-20 16:00:00',12.0000),(23,'','low','0','111','11111111111','2020-12-20 16:00:00',111.0000),(24,'','no-level','0','2311','13222221111','2020-12-20 16:00:00',600.0000),(25,'','high','0','james weikai222','11111111112','2020-12-20 16:00:00',4631.0000);
/*!40000 ALTER TABLE `users` ENABLE KEYS */;
UNLOCK TABLES;
/*!40103 SET TIME_ZONE=@OLD_TIME_ZONE */;

/*!40101 SET SQL_MODE=@OLD_SQL_MODE */;
/*!40014 SET FOREIGN_KEY_CHECKS=@OLD_FOREIGN_KEY_CHECKS */;
/*!40014 SET UNIQUE_CHECKS=@OLD_UNIQUE_CHECKS */;
/*!40101 SET CHARACTER_SET_CLIENT=@OLD_CHARACTER_SET_CLIENT */;
/*!40101 SET CHARACTER_SET_RESULTS=@OLD_CHARACTER_SET_RESULTS */;
/*!40101 SET COLLATION_CONNECTION=@OLD_COLLATION_CONNECTION */;
/*!40111 SET SQL_NOTES=@OLD_SQL_NOTES */;

-- Dump completed on 2020-12-21 18:47:41
